{"speedometers": [{"min_value": 0, "max_value": 0.01102954633679237, "label": "Slew Rate", "unit_text": "DEG/SEC", "values": [-0.005695378957951647, -0.010455854556423342, -0.010775055536562661, -0.00440064706912248, 0.0052779803381338775, 0.01102954633679237, 0.010132533964311108, 0.005143884585886127]}, {"min_value": 0, "max_value": 121.35173081038322, "label": "Sun Angle", "unit_text": "DEG", "values": [96.49594933073494, 99.95390717892789, 103.46240392821902, 106.94931046333564, 110.34519350538957, 113.57636126601419, 116.55726126303222, 119.18659924758349, 121.35173081038322], "yellow_zone": [40, 50], "red_zone": [0, 40]}, {"min_value": 0, "max_value": 155.82940172952718, "label": "Earth Angle", "unit_text": "DEG", "values": [149.37095999350893, 152.0432010739296, 154.06354645302704, 155.34328625509383, 155.82940172952718, 155.50424106671042, 154.3848800829631, 152.52323802186984, 150.00612584672513], "yellow_zone": [110, 120], "red_zone": [0, 110]}, {"min_value": 0, "max_value": 104.95711059930085, "label": "Moon Angle", "unit_text": "DEG", "values": [85.50241370775016, 89.60354425599516, 93.40827808196774, 96.80610877761758, 99.7036669518748, 102.02281221063322, 103.69734314235939, 104.68287478528646, 104.95711059930085], "yellow_zone": [40, 50], "red_zone": [0, 40]}]}