{"speedometers": [{"min_value": -0.0004707042572891377, "max_value": 0.0005125321881633246, "label": "Slew Rate", "unit_text": "DEG/SEC", "values": [-0.0004707042572891377, -0.00035648274655315505, 0.00031130064773302973, 0.0005125321881633246]}, {"min_value": 41.014143141299705, "max_value": 71.40220784797114, "label": "Sun Angle", "unit_text": "DEG", "values": [71.40220784797114, 62.958037065311835, 54.72221556268784, 47.239908192233166, 41.014143141299705], "yellow_zone": [40, 50], "red_zone": [0, 40]}, {"min_value": 82.06943990743885, "max_value": 95.96597470597479, "label": "Earth Angle", "unit_text": "DEG", "values": [82.06943990743885, 85.54234566104464, 89.05135060663905, 92.54306552232423, 95.96597470597479], "red_zone": [0, 95.96597470597479]}, {"min_value": 180.0, "max_value": 180.0, "label": "Moon Angle", "unit_text": "DEG", "values": [180, 180, 180, 180, 180], "yellow_zone": [40, 50], "red_zone": [0, 40]}]}